policy_id,customer_id,policy_type,policy_status,coverage_limit,deductible_amount
pol_cust_1,cust_1,comprehensive,lapsed,50000,1000
pol_cust_2,cust_2,basic_auto,active,20000,500
pol_cust_3,cust_3,premium_home,active,100000,2000
pol_cust_4,cust_4,standard_home,active,30000,750
pol_cust_5,cust_5,comprehensive,active,80000,5000
pol_cust_6,cust_6,third_party_only,active,15000,250
pol_cust_7,cust_7,third_party_only,active,15000,500
pol_cust_8,cust_8,basic_auto,active,10000,500
pol_cust_9,cust_9,standard_home,active,40000,1000
pol_cust_10,cust_10,comprehensive,cancelled,50000,1000
pol_cust_11,cust_11,comprehensive,active,50000,1000
pol_cust_12,cust_12,basic_auto,active,20000,500
pol_cust_13,cust_13,premium_home,active,100000,1500
pol_cust_14,cust_14,comprehensive,active,60000,1000
pol_cust_15,cust_15,third_party_only,active,12000,250
pol_cust_16,cust_16,comprehensive,lapsed,40000,750
pol_cust_17,cust_17,basic_auto,active,15000,500
pol_cust_18,cust_18,standard_home,active,35000,750
pol_cust_19,cust_19,comprehensive,active,45000,1000
pol_cust_20,cust_20,basic_auto,active,18000,500
pol_cust_21,cust_21,comprehensive,active,55000,1000
pol_cust_22,cust_22,third_party_only,active,12000,300
pol_cust_23,cust_23,standard_home,active,30000,750
pol_cust_24,cust_24,basic_auto,cancelled,20000,500
pol_cust_25,cust_25,comprehensive,active,65000,1500
pol_cust_26,cust_26,third_party_only,active,15000,250
pol_cust_27,cust_27,comprehensive,active,50000,1000
pol_cust_28,cust_28,basic_auto,active,20000,500
pol_cust_29,cust_29,comprehensive,active,55000,1000
pol_cust_30,cust_30,standard_home,active,30000,750
pol_cust_31,cust_31,comprehensive,active,40000,1000
pol_cust_32,cust_32,basic_auto,lapsed,18000,500
pol_cust_33,cust_33,premium_home,active,90000,2000
pol_cust_34,cust_34,comprehensive,active,70000,1000
pol_cust_35,cust_35,third_party_only,active,12000,250
pol_cust_36,cust_36,comprehensive,cancelled,50000,1000
pol_cust_37,cust_37,standard_home,active,35000,750
pol_cust_38,cust_38,comprehensive,active,45000,1000
pol_cust_39,cust_39,basic_auto,active,18000,500
pol_cust_40,cust_40,third_party_only,active,12000,300
pol_cust_41,cust_41,comprehensive,active,50000,1000
pol_cust_42,cust_42,premium_home,active,85000,1500
pol_cust_43,cust_43,comprehensive,active,55000,1000
pol_cust_44,cust_44,basic_auto,active,20000,500
pol_cust_45,cust_45,standard_home,lapsed,30000,750
pol_cust_46,cust_46,basic_auto,active,18000,500
pol_cust_47,cust_47,comprehensive,active,50000,1000
pol_cust_48,cust_48,standard_home,active,35000,750
pol_cust_49,cust_49,comprehensive,cancelled,60000,1000
pol_cust_50,cust_50,comprehensive,active,45000,1000
pol_cust_401,cust_401,comprehensive,active,75000,1000
pol_cust_501,cust_501,basic_auto,active,20000,500
pol_cust_502,cust_502,basic_auto,active,20000,500
